model	md5	caprieval_rank	score	irmsd	fnat	lrmsd	ilrmsd	dockq	rmsd	cluster_id	cluster_ranking	model-cluster_ranking	air	angles	bonds	bsa	cdih	coup	dani	desolv	dihe	elec	improper	rdcs	rg	sym	total	vdw	vean	xpcs
../01_rigidbody/rigidbody_54.pdb	-	1	-5.536	10.970	0.017	20.740	19.291	0.060	11.126	-	-	-	815.880	1334.100	201.962	1078.210	0.000	0.000	0.000	5.394	2032.770	-8.552	5372.900	0.000	0.000	0.000	831.826	24.499	0.000	0.000
../01_rigidbody/rigidbody_50.pdb	-	2	-4.653	1.241	0.828	3.041	2.739	0.769	1.259	-	-	-	770.275	1334.100	201.960	1583.500	0.000	0.000	0.000	8.398	2032.770	-4.771	5372.900	0.000	0.000	0.000	750.757	-14.747	0.000	0.000
../01_rigidbody/rigidbody_18.pdb	-	3	-4.483	10.376	0.017	20.253	18.568	0.062	10.624	-	-	-	927.449	1334.100	201.976	1124.710	0.000	0.000	0.000	3.122	2032.770	-5.834	5372.900	0.000	0.000	0.000	941.881	20.266	0.000	0.000
../01_rigidbody/rigidbody_89.pdb	-	4	-3.648	5.004	0.190	11.655	10.739	0.206	4.477	-	-	-	1034.350	1334.100	201.949	1370.130	0.000	0.000	0.000	4.884	2032.780	-5.225	5372.900	0.000	0.000	0.000	1034.210	5.092	0.000	0.000
../01_rigidbody/rigidbody_49.pdb	-	5	-3.630	2.470	0.345	6.850	5.024	0.407	2.629	-	-	-	1227.110	1334.100	201.967	1676.970	0.000	0.000	0.000	14.876	2032.770	-14.250	5372.900	0.000	0.000	0.000	1237.140	24.284	0.000	0.000
../01_rigidbody/rigidbody_57.pdb	-	6	-3.595	1.206	0.707	2.255	2.423	0.749	1.132	-	-	-	842.656	1334.100	201.962	1735.820	0.000	0.000	0.000	15.401	2032.770	-9.853	5372.900	0.000	0.000	0.000	811.719	-21.084	0.000	0.000
../01_rigidbody/rigidbody_84.pdb	-	7	-3.536	5.004	0.190	11.670	10.777	0.206	4.464	-	-	-	1085.190	1334.100	201.971	1365.030	0.000	0.000	0.000	4.944	2032.780	-5.789	5372.900	0.000	0.000	0.000	1090.120	10.719	0.000	0.000
../01_rigidbody/rigidbody_36.pdb	-	8	-3.438	5.020	0.190	11.738	10.770	0.205	4.503	-	-	-	945.046	1334.100	201.963	1348.870	0.000	0.000	0.000	5.399	2032.780	-4.776	5372.900	0.000	0.000	0.000	938.016	-2.254	0.000	0.000
../01_rigidbody/rigidbody_96.pdb	-	9	-3.299	5.011	0.190	11.857	10.778	0.204	4.520	-	-	-	1005.400	1334.100	201.956	1318.960	0.000	0.000	0.000	4.558	2032.780	-4.634	5372.900	0.000	0.000	0.000	992.079	-8.684	0.000	0.000
../01_rigidbody/rigidbody_45.pdb	-	10	-3.140	1.182	0.638	2.066	2.317	0.733	1.102	-	-	-	769.114	1334.100	201.956	1713.430	0.000	0.000	0.000	14.791	2032.770	-8.295	5372.900	0.000	0.000	0.000	741.569	-19.250	0.000	0.000
../01_rigidbody/rigidbody_72.pdb	-	11	-3.129	1.245	0.690	2.560	2.628	0.733	1.168	-	-	-	728.319	1334.100	201.954	1680.840	0.000	0.000	0.000	14.389	2032.780	-7.823	5372.900	0.000	0.000	0.000	703.498	-16.997	0.000	0.000
../01_rigidbody/rigidbody_44.pdb	-	12	-2.749	2.450	0.345	6.822	5.003	0.409	2.601	-	-	-	1393.030	1334.100	201.953	1676.100	0.000	0.000	0.000	13.628	2032.770	-13.956	5372.900	0.000	0.000	0.000	1420.080	41.009	0.000	0.000
../01_rigidbody/rigidbody_70.pdb	-	13	-2.498	1.208	0.810	2.643	2.572	0.776	1.203	-	-	-	798.789	1334.100	201.967	1591.260	0.000	0.000	0.000	10.163	2032.770	-4.593	5372.900	0.000	0.000	0.000	779.951	-14.245	0.000	0.000
../01_rigidbody/rigidbody_4.pdb	-	14	-2.481	10.741	0.034	20.987	18.708	0.065	11.214	-	-	-	1121.420	1334.100	201.956	1203.390	0.000	0.000	0.000	0.870	2032.770	-2.552	5372.900	0.000	0.000	0.000	1120.890	2.018	0.000	0.000
../01_rigidbody/rigidbody_92.pdb	-	15	-2.286	12.533	0.052	21.538	21.224	0.067	12.583	-	-	-	855.072	1334.100	201.971	1173.690	0.000	0.000	0.000	3.975	2032.780	-3.239	5372.900	0.000	0.000	0.000	868.127	16.294	0.000	0.000
../01_rigidbody/rigidbody_64.pdb	-	16	-2.190	5.026	0.190	11.803	10.785	0.204	4.520	-	-	-	963.706	1334.100	201.958	1356.580	0.000	0.000	0.000	6.340	2032.770	-4.489	5372.900	0.000	0.000	0.000	948.075	-11.142	0.000	0.000
../01_rigidbody/rigidbody_15.pdb	-	17	-2.090	1.183	0.690	2.021	2.274	0.751	1.114	-	-	-	887.154	1334.100	201.967	1726.820	0.000	0.000	0.000	15.160	2032.770	-8.791	5372.900	0.000	0.000	0.000	872.089	-6.274	0.000	0.000
../01_rigidbody/rigidbody_93.pdb	-	18	-2.081	0.969	0.672	3.354	2.425	0.748	1.111	-	-	-	1144.670	1334.100	201.964	1640.920	0.000	0.000	0.000	13.185	2032.780	-10.622	5372.900	0.000	0.000	0.000	1165.810	31.760	0.000	0.000
../01_rigidbody/rigidbody_73.pdb	-	19	-1.927	1.283	0.655	2.526	2.627	0.717	1.211	-	-	-	892.235	1334.100	201.965	1699.720	0.000	0.000	0.000	13.473	2032.770	-7.186	5372.900	0.000	0.000	0.000	871.119	-13.930	0.000	0.000
../01_rigidbody/rigidbody_3.pdb	-	20	-1.649	2.945	0.310	8.329	6.059	0.342	3.210	-	-	-	1269.160	1334.100	201.965	1566.770	0.000	0.000	0.000	14.246	2032.780	-13.191	5372.900	0.000	0.000	0.000	1283.150	27.180	0.000	0.000
../01_rigidbody/rigidbody_39.pdb	-	21	-1.609	2.432	0.345	6.865	5.014	0.409	2.588	-	-	-	1408.100	1334.100	201.952	1665.540	0.000	0.000	0.000	14.098	2032.770	-13.299	5372.900	0.000	0.000	0.000	1411.410	16.613	0.000	0.000
../01_rigidbody/rigidbody_35.pdb	-	22	-1.239	11.324	0.017	22.614	19.958	0.053	11.625	-	-	-	1213.770	1334.100	201.970	888.669	0.000	0.000	0.000	1.016	2032.770	-5.699	5372.900	0.000	0.000	0.000	1227.320	19.245	0.000	0.000
../01_rigidbody/rigidbody_30.pdb	-	23	-0.957	1.175	0.845	2.420	2.428	0.797	1.173	-	-	-	990.257	1334.100	201.941	1638.610	0.000	0.000	0.000	10.073	2032.780	-4.527	5372.900	0.000	0.000	0.000	983.891	-1.839	0.000	0.000
../01_rigidbody/rigidbody_17.pdb	-	24	-0.267	10.594	0.052	19.556	18.668	0.077	10.786	-	-	-	961.497	1334.100	201.981	1160.380	0.000	0.000	0.000	10.622	2032.770	-9.077	5372.900	0.000	0.000	0.000	970.029	17.608	0.000	0.000
../01_rigidbody/rigidbody_90.pdb	-	25	-0.131	10.377	0.017	20.618	18.638	0.061	10.667	-	-	-	1347.490	1334.100	201.984	1073.290	0.000	0.000	0.000	1.896	2032.780	-5.014	5372.900	0.000	0.000	0.000	1366.940	24.464	0.000	0.000
../01_rigidbody/rigidbody_28.pdb	-	26	0.347	10.403	0.034	20.419	18.625	0.068	10.670	-	-	-	1499.280	1334.100	201.955	1145.010	0.000	0.000	0.000	2.369	2032.780	-5.922	5372.900	0.000	0.000	0.000	1529.040	35.678	0.000	0.000
../01_rigidbody/rigidbody_43.pdb	-	27	0.371	1.235	0.655	2.201	2.398	0.729	1.174	-	-	-	1139.290	1334.100	201.981	1733.370	0.000	0.000	0.000	14.253	2032.780	-8.053	5372.900	0.000	0.000	0.000	1142.380	11.138	0.000	0.000
../01_rigidbody/rigidbody_87.pdb	-	28	0.706	8.853	0.103	17.841	16.802	0.105	8.933	-	-	-	1065.540	1334.100	201.959	1040.520	0.000	0.000	0.000	8.470	2032.780	-8.212	5372.900	0.000	0.000	0.000	1077.200	19.879	0.000	0.000
../01_rigidbody/rigidbody_53.pdb	-	29	0.759	14.754	0.069	23.384	22.568	0.065	14.378	-	-	-	1067.310	1334.100	201.972	1164.890	0.000	0.000	0.000	10.314	2032.780	-8.713	5372.900	0.000	0.000	0.000	1072.040	13.439	0.000	0.000
../01_rigidbody/rigidbody_16.pdb	-	30	0.855	1.165	0.828	2.466	2.440	0.791	1.161	-	-	-	1104.800	1334.100	201.968	1632.050	0.000	0.000	0.000	10.401	2032.780	-4.271	5372.900	0.000	0.000	0.000	1100.300	-0.228	0.000	0.000
../01_rigidbody/rigidbody_29.pdb	-	31	1.115	14.775	0.069	23.413	22.561	0.065	14.389	-	-	-	1108.230	1334.100	201.956	1140.540	0.000	0.000	0.000	10.320	2032.770	-9.062	5372.900	0.000	0.000	0.000	1117.170	18.000	0.000	0.000
../01_rigidbody/rigidbody_83.pdb	-	32	1.249	10.671	0.034	20.711	18.634	0.066	11.111	-	-	-	1425.410	1334.100	201.961	1207.560	0.000	0.000	0.000	1.635	2032.770	-2.690	5372.900	0.000	0.000	0.000	1435.360	12.641	0.000	0.000
../01_rigidbody/rigidbody_71.pdb	-	33	1.251	1.167	0.828	2.341	2.332	0.793	1.194	-	-	-	1169.050	1334.100	201.961	1639.360	0.000	0.000	0.000	10.300	2032.780	-4.431	5372.900	0.000	0.000	0.000	1173.180	8.563	0.000	0.000
../01_rigidbody/rigidbody_85.pdb	-	34	1.359	12.494	0.034	21.375	21.139	0.062	12.552	-	-	-	1131.840	1334.100	201.950	1195.040	0.000	0.000	0.000	5.097	2032.770	-3.291	5372.900	0.000	0.000	0.000	1147.080	18.533	0.000	0.000
../01_rigidbody/rigidbody_66.pdb	-	35	1.363	7.322	0.069	14.898	15.241	0.118	7.026	-	-	-	1101.060	1334.100	201.973	818.604	0.000	0.000	0.000	3.543	2032.780	-5.080	5372.900	0.000	0.000	0.000	1103.490	7.506	0.000	0.000
../01_rigidbody/rigidbody_74.pdb	-	36	1.386	14.823	0.069	23.468	22.619	0.065	14.397	-	-	-	990.110	1334.100	201.961	1127.690	0.000	0.000	0.000	10.584	2032.780	-8.001	5372.900	0.000	0.000	0.000	1000.120	18.009	0.000	0.000
../01_rigidbody/rigidbody_23.pdb	-	37	1.481	14.774	0.069	23.414	22.583	0.065	14.383	-	-	-	1267.630	1334.100	201.962	1165.250	0.000	0.000	0.000	9.280	2032.770	-9.135	5372.900	0.000	0.000	0.000	1289.720	31.221	0.000	0.000
../01_rigidbody/rigidbody_86.pdb	-	38	1.574	10.590	0.034	20.890	18.574	0.065	11.065	-	-	-	1359.420	1334.100	201.971	1189.760	0.000	0.000	0.000	3.155	2032.770	-3.440	5372.900	0.000	0.000	0.000	1372.150	16.169	0.000	0.000
../01_rigidbody/rigidbody_55.pdb	-	39	1.884	4.901	0.190	10.637	9.866	0.222	5.138	-	-	-	1197.740	1334.100	201.958	1086.070	0.000	0.000	0.000	7.453	2032.780	-6.960	5372.900	0.000	0.000	0.000	1218.250	27.465	0.000	0.000
../01_rigidbody/rigidbody_34.pdb	-	40	1.906	10.741	0.052	19.683	18.873	0.076	10.914	-	-	-	899.238	1334.100	201.967	1117.740	0.000	0.000	0.000	13.213	2032.770	-9.138	5372.900	0.000	0.000	0.000	891.697	1.597	0.000	0.000
../01_rigidbody/rigidbody_75.pdb	-	41	1.976	14.801	0.069	23.450	22.594	0.065	14.383	-	-	-	1308.770	1334.100	201.975	1173.870	0.000	0.000	0.000	8.507	2032.770	-8.259	5372.900	0.000	0.000	0.000	1338.340	37.835	0.000	0.000
../01_rigidbody/rigidbody_20.pdb	-	42	1.994	5.054	0.190	12.068	10.878	0.201	4.576	-	-	-	1404.640	1334.100	201.966	1346.780	0.000	0.000	0.000	5.464	2032.780	-4.101	5372.900	0.000	0.000	0.000	1405.750	5.214	0.000	0.000
../01_rigidbody/rigidbody_94.pdb	-	43	2.098	10.659	0.052	19.837	18.782	0.075	10.890	-	-	-	912.031	1334.100	201.956	1117.510	0.000	0.000	0.000	12.084	2032.770	-7.986	5372.900	0.000	0.000	0.000	909.474	5.429	0.000	0.000
../01_rigidbody/rigidbody_77.pdb	-	44	2.247	5.936	0.155	13.132	11.866	0.170	6.114	-	-	-	886.552	1334.100	201.971	1077.010	0.000	0.000	0.000	7.163	2032.770	-3.044	5372.900	0.000	0.000	0.000	886.776	3.268	0.000	0.000
../01_rigidbody/rigidbody_81.pdb	-	45	2.274	10.551	0.052	19.395	18.606	0.078	10.749	-	-	-	845.932	1334.100	201.971	1111.050	0.000	0.000	0.000	13.022	2032.780	-7.963	5372.900	0.000	0.000	0.000	824.639	-13.331	0.000	0.000
../01_rigidbody/rigidbody_22.pdb	-	46	2.301	14.756	0.069	23.484	22.622	0.065	14.375	-	-	-	1080.450	1334.100	201.957	1218.390	0.000	0.000	0.000	11.442	2032.770	-7.980	5372.900	0.000	0.000	0.000	1094.300	21.828	0.000	0.000
../01_rigidbody/rigidbody_32.pdb	-	47	2.353	6.273	0.121	19.664	14.895	0.111	6.671	-	-	-	1089.970	1334.100	201.961	1039.250	0.000	0.000	0.000	3.163	2032.780	-1.424	5372.900	0.000	0.000	0.000	1099.190	10.649	0.000	0.000
../01_rigidbody/rigidbody_78.pdb	-	48	2.717	10.816	0.034	19.772	18.972	0.070	10.951	-	-	-	1218.050	1334.100	201.938	1187.470	0.000	0.000	0.000	12.035	2032.770	-9.911	5372.900	0.000	0.000	0.000	1236.860	28.719	0.000	0.000
../01_rigidbody/rigidbody_37.pdb	-	49	2.821	10.688	0.052	19.867	18.815	0.075	10.914	-	-	-	1204.660	1334.100	201.982	1175.370	0.000	0.000	0.000	10.759	2032.770	-8.444	5372.900	0.000	0.000	0.000	1217.540	21.321	0.000	0.000
../01_rigidbody/rigidbody_11.pdb	-	50	2.829	10.591	0.052	19.647	18.677	0.076	10.815	-	-	-	1326.700	1334.100	201.949	1148.340	0.000	0.000	0.000	9.086	2032.770	-8.169	5372.900	0.000	0.000	0.000	1331.360	12.828	0.000	0.000
../01_rigidbody/rigidbody_68.pdb	-	51	2.904	10.546	0.052	19.231	18.571	0.078	10.718	-	-	-	922.058	1334.100	201.951	1094.030	0.000	0.000	0.000	12.601	2032.780	-7.904	5372.900	0.000	0.000	0.000	906.890	-7.264	0.000	0.000
../01_rigidbody/rigidbody_27.pdb	-	52	3.061	15.011	0.069	23.791	21.878	0.064	14.466	-	-	-	891.513	1334.100	201.963	1675.780	0.000	0.000	0.000	13.525	2032.770	-2.763	5372.900	0.000	0.000	0.000	902.970	14.220	0.000	0.000
../01_rigidbody/rigidbody_69.pdb	-	53	3.223	14.775	0.069	23.460	22.590	0.065	14.390	-	-	-	1295.370	1334.100	201.955	1167.960	0.000	0.000	0.000	10.908	2032.780	-9.189	5372.900	0.000	0.000	0.000	1309.160	22.980	0.000	0.000
../01_rigidbody/rigidbody_26.pdb	-	54	3.302	14.775	0.069	23.437	22.565	0.065	14.389	-	-	-	1351.830	1334.100	201.960	1158.500	0.000	0.000	0.000	10.208	2032.770	-9.047	5372.900	0.000	0.000	0.000	1363.510	20.728	0.000	0.000
../01_rigidbody/rigidbody_33.pdb	-	55	3.662	6.053	0.155	14.172	12.322	0.159	6.289	-	-	-	1467.590	1334.100	201.959	1062.390	0.000	0.000	0.000	2.525	2032.770	-3.152	5372.900	0.000	0.000	0.000	1488.080	23.643	0.000	0.000
../01_rigidbody/rigidbody_51.pdb	-	56	3.821	14.837	0.069	23.101	21.927	0.066	14.301	-	-	-	751.555	1334.100	201.961	1346.260	0.000	0.000	0.000	11.541	2032.770	-1.942	5372.900	0.000	0.000	0.000	766.466	16.853	0.000	0.000
../01_rigidbody/rigidbody_100.pdb	-	57	3.859	10.698	0.052	20.005	18.846	0.075	10.957	-	-	-	1239.320	1334.100	201.967	1105.290	0.000	0.000	0.000	9.827	2032.770	-7.434	5372.900	0.000	0.000	0.000	1244.410	12.519	0.000	0.000
../01_rigidbody/rigidbody_65.pdb	-	58	3.881	10.774	0.052	19.754	18.913	0.076	10.951	-	-	-	1159.200	1334.100	201.952	1158.100	0.000	0.000	0.000	13.051	2032.770	-9.390	5372.900	0.000	0.000	0.000	1170.700	20.892	0.000	0.000
../01_rigidbody/rigidbody_9.pdb	-	59	3.892	3.247	0.293	8.966	7.511	0.314	3.438	-	-	-	837.889	1334.100	201.960	1007.340	0.000	0.000	0.000	11.985	2032.770	-6.404	5372.900	0.000	0.000	0.000	831.940	0.455	0.000	0.000
../01_rigidbody/rigidbody_98.pdb	-	60	3.934	10.731	0.052	19.824	18.853	0.075	10.935	-	-	-	1149.000	1334.100	201.957	1165.210	0.000	0.000	0.000	12.811	2032.770	-8.859	5372.900	0.000	0.000	0.000	1154.660	14.519	0.000	0.000
../01_rigidbody/rigidbody_12.pdb	-	61	3.973	14.714	0.052	24.953	24.371	0.055	14.689	-	-	-	1377.330	1334.100	201.942	1237.670	0.000	0.000	0.000	2.136	2032.780	0.221	5372.900	0.000	0.000	0.000	1399.570	22.013	0.000	0.000
../01_rigidbody/rigidbody_10.pdb	-	62	4.042	14.773	0.069	23.433	22.592	0.065	14.379	-	-	-	1283.500	1334.100	201.975	1195.890	0.000	0.000	0.000	11.624	2032.770	-8.799	5372.900	0.000	0.000	0.000	1308.890	34.189	0.000	0.000
../01_rigidbody/rigidbody_14.pdb	-	63	4.055	14.825	0.069	23.228	21.957	0.066	14.327	-	-	-	1018.980	1334.100	201.955	1270.770	0.000	0.000	0.000	8.652	2032.780	-2.285	5372.900	0.000	0.000	0.000	1037.320	20.624	0.000	0.000
../01_rigidbody/rigidbody_58.pdb	-	64	4.097	14.791	0.069	23.454	22.589	0.065	14.387	-	-	-	1394.630	1334.100	201.955	1152.030	0.000	0.000	0.000	9.861	2032.770	-8.393	5372.900	0.000	0.000	0.000	1406.570	20.334	0.000	0.000
../01_rigidbody/rigidbody_42.pdb	-	65	4.404	14.770	0.069	23.326	22.557	0.065	14.384	-	-	-	1130.690	1334.100	201.950	1147.640	0.000	0.000	0.000	13.395	2032.780	-9.091	5372.900	0.000	0.000	0.000	1148.510	26.910	0.000	0.000
../01_rigidbody/rigidbody_5.pdb	-	66	4.428	4.191	0.224	9.024	7.984	0.269	4.596	-	-	-	1218.750	1334.100	201.963	1268.570	0.000	0.000	0.000	13.102	2032.770	-8.514	5372.900	0.000	0.000	0.000	1244.100	33.861	0.000	0.000
../01_rigidbody/rigidbody_61.pdb	-	67	4.591	10.773	0.034	19.589	18.893	0.071	10.905	-	-	-	1270.540	1334.100	201.958	1151.670	0.000	0.000	0.000	12.953	2032.770	-9.704	5372.900	0.000	0.000	0.000	1276.200	15.370	0.000	0.000
../01_rigidbody/rigidbody_91.pdb	-	68	4.768	3.913	0.224	8.115	8.248	0.292	3.593	-	-	-	1061.440	1334.100	201.934	1419.790	0.000	0.000	0.000	6.604	2032.770	1.677	5372.900	0.000	0.000	0.000	1070.100	6.987	0.000	0.000
../01_rigidbody/rigidbody_38.pdb	-	69	4.847	4.188	0.224	9.058	7.979	0.269	4.600	-	-	-	1303.250	1334.100	201.969	1282.490	0.000	0.000	0.000	12.791	2032.770	-8.567	5372.900	0.000	0.000	0.000	1336.250	41.563	0.000	0.000
../01_rigidbody/rigidbody_88.pdb	-	70	4.915	14.777	0.069	23.382	22.571	0.065	14.380	-	-	-	1506.150	1334.100	201.950	1200.110	0.000	0.000	0.000	10.621	2032.780	-9.220	5372.900	0.000	0.000	0.000	1542.300	45.361	0.000	0.000
../01_rigidbody/rigidbody_6.pdb	-	71	4.956	5.918	0.155	13.117	11.831	0.170	6.102	-	-	-	1516.100	1334.100	201.969	1090.350	0.000	0.000	0.000	3.519	2032.780	-3.069	5372.900	0.000	0.000	0.000	1537.820	24.792	0.000	0.000
../01_rigidbody/rigidbody_48.pdb	-	72	5.048	14.984	0.069	23.868	21.866	0.064	14.482	-	-	-	1021.690	1334.100	201.958	1659.470	0.000	0.000	0.000	13.789	2032.770	-2.431	5372.900	0.000	0.000	0.000	1026.010	6.748	0.000	0.000
../01_rigidbody/rigidbody_1.pdb	-	73	5.082	6.211	0.121	19.190	14.653	0.113	6.571	-	-	-	1434.940	1334.100	201.947	1029.060	0.000	0.000	0.000	2.554	2032.770	-1.696	5372.900	0.000	0.000	0.000	1449.770	16.525	0.000	0.000
../01_rigidbody/rigidbody_24.pdb	-	74	5.222	14.777	0.069	23.340	22.559	0.065	14.380	-	-	-	1323.370	1334.100	201.952	1185.750	0.000	0.000	0.000	12.232	2032.770	-8.687	5372.900	0.000	0.000	0.000	1344.770	30.087	0.000	0.000
../01_rigidbody/rigidbody_25.pdb	-	75	5.256	10.746	0.034	19.444	18.842	0.071	10.851	-	-	-	1213.790	1334.100	201.965	1111.480	0.000	0.000	0.000	13.554	2032.770	-9.508	5372.900	0.000	0.000	0.000	1222.980	18.698	0.000	0.000
../01_rigidbody/rigidbody_80.pdb	-	76	5.433	9.807	0.069	18.483	17.748	0.089	9.918	-	-	-	1700.070	1334.100	201.953	1171.480	0.000	0.000	0.000	8.984	2032.770	-9.167	5372.900	0.000	0.000	0.000	1723.860	32.957	0.000	0.000
../01_rigidbody/rigidbody_59.pdb	-	77	5.774	5.990	0.155	13.602	12.066	0.165	6.200	-	-	-	1713.080	1334.100	201.958	1075.330	0.000	0.000	0.000	2.241	2032.780	-3.190	5372.900	0.000	0.000	0.000	1744.470	34.577	0.000	0.000
../01_rigidbody/rigidbody_99.pdb	-	78	5.815	10.656	0.052	19.809	18.772	0.076	10.895	-	-	-	1302.660	1334.100	201.970	1144.680	0.000	0.000	0.000	12.124	2032.780	-8.056	5372.900	0.000	0.000	0.000	1311.270	16.667	0.000	0.000
../01_rigidbody/rigidbody_82.pdb	-	79	5.914	10.702	0.052	19.882	18.827	0.075	10.925	-	-	-	1520.690	1334.100	201.961	1187.410	0.000	0.000	0.000	10.955	2032.770	-8.809	5372.900	0.000	0.000	0.000	1555.450	43.574	0.000	0.000
../01_rigidbody/rigidbody_46.pdb	-	80	6.055	5.865	0.190	12.482	11.554	0.189	6.031	-	-	-	1599.750	1334.100	201.953	1177.390	0.000	0.000	0.000	5.224	2032.770	-3.709	5372.900	0.000	0.000	0.000	1627.700	31.660	0.000	0.000
../01_rigidbody/rigidbody_63.pdb	-	81	6.082	14.580	0.069	23.133	22.038	0.066	14.251	-	-	-	1319.620	1334.100	201.967	1378.760	0.000	0.000	0.000	9.339	2032.780	-3.485	5372.900	0.000	0.000	0.000	1398.090	81.960	0.000	0.000
../01_rigidbody/rigidbody_31.pdb	-	82	6.145	15.152	0.069	24.250	24.027	0.063	14.527	-	-	-	1156.330	1334.100	201.960	1230.480	0.000	0.000	0.000	7.925	2032.770	-1.341	5372.900	0.000	0.000	0.000	1185.230	30.243	0.000	0.000
../01_rigidbody/rigidbody_13.pdb	-	83	6.530	5.598	0.190	11.319	11.703	0.206	5.496	-	-	-	1174.480	1334.100	201.972	1254.560	0.000	0.000	0.000	8.826	2032.770	-1.541	5372.900	0.000	0.000	0.000	1177.500	4.559	0.000	0.000
../01_rigidbody/rigidbody_21.pdb	-	84	6.639	13.531	0.052	22.745	21.144	0.062	13.772	-	-	-	1355.000	1334.100	201.970	1052.810	0.000	0.000	0.000	11.142	2032.770	-7.755	5372.900	0.000	0.000	0.000	1370.200	22.962	0.000	0.000
../01_rigidbody/rigidbody_47.pdb	-	85	6.826	14.819	0.069	23.061	21.913	0.066	14.285	-	-	-	931.231	1334.100	201.972	1364.730	0.000	0.000	0.000	12.812	2032.770	-1.915	5372.900	0.000	0.000	0.000	955.754	26.438	0.000	0.000
../01_rigidbody/rigidbody_67.pdb	-	86	6.993	6.273	0.121	19.771	14.913	0.110	6.697	-	-	-	1345.570	1334.100	201.963	1048.550	0.000	0.000	0.000	5.432	2032.770	-1.708	5372.900	0.000	0.000	0.000	1373.670	29.809	0.000	0.000
../01_rigidbody/rigidbody_52.pdb	-	87	7.234	2.732	0.310	5.916	5.418	0.405	2.811	-	-	-	1816.350	1334.100	201.954	1241.730	0.000	0.000	0.000	10.616	2032.780	-9.718	5372.900	0.000	0.000	0.000	1865.640	59.009	0.000	0.000
../01_rigidbody/rigidbody_79.pdb	-	88	7.241	10.721	0.052	20.052	18.872	0.074	10.979	-	-	-	1509.430	1334.100	201.967	1130.940	0.000	0.000	0.000	10.717	2032.780	-7.450	5372.900	0.000	0.000	0.000	1520.940	18.955	0.000	0.000
../01_rigidbody/rigidbody_8.pdb	-	89	7.858	4.894	0.155	8.853	9.459	0.240	4.825	-	-	-	1140.650	1334.100	201.960	1083.280	0.000	0.000	0.000	9.715	2032.780	-2.628	5372.900	0.000	0.000	0.000	1157.780	19.764	0.000	0.000
../01_rigidbody/rigidbody_97.pdb	-	90	8.299	14.994	0.069	23.831	21.865	0.064	14.476	-	-	-	1380.710	1334.100	201.961	1675.870	0.000	0.000	0.000	13.564	2032.770	-2.617	5372.900	0.000	0.000	0.000	1408.480	30.379	0.000	0.000
../01_rigidbody/rigidbody_40.pdb	-	91	8.900	14.962	0.069	23.789	21.853	0.064	14.465	-	-	-	1168.380	1334.100	201.959	1666.330	0.000	0.000	0.000	16.089	2032.770	-2.388	5372.900	0.000	0.000	0.000	1183.750	17.765	0.000	0.000
../01_rigidbody/rigidbody_2.pdb	-	92	9.047	12.954	0.069	21.804	20.692	0.071	13.119	-	-	-	1464.640	1334.100	201.960	1296.370	0.000	0.000	0.000	4.558	2032.770	2.436	5372.900	0.000	0.000	0.000	1504.030	36.959	0.000	0.000
../01_rigidbody/rigidbody_60.pdb	-	93	9.131	4.900	0.138	19.025	13.205	0.130	5.487	-	-	-	1070.560	1334.100	201.950	997.048	0.000	0.000	0.000	10.560	2032.770	-2.942	5372.900	0.000	0.000	0.000	1145.370	77.748	0.000	0.000
../01_rigidbody/rigidbody_62.pdb	-	94	10.810	4.866	0.138	18.813	13.094	0.131	5.432	-	-	-	1664.250	1334.100	201.956	1017.080	0.000	0.000	0.000	6.969	2032.770	-3.417	5372.900	0.000	0.000	0.000	1739.420	78.583	0.000	0.000
../01_rigidbody/rigidbody_76.pdb	-	95	11.044	14.968	0.069	23.859	21.855	0.064	14.480	-	-	-	1493.730	1334.100	201.960	1689.940	0.000	0.000	0.000	15.210	2032.780	-2.372	5372.900	0.000	0.000	0.000	1508.110	16.752	0.000	0.000
../01_rigidbody/rigidbody_19.pdb	-	96	11.242	5.561	0.121	10.485	10.725	0.195	5.653	-	-	-	1606.710	1334.100	201.950	1121.850	0.000	0.000	0.000	10.771	2032.770	-4.817	5372.900	0.000	0.000	0.000	1645.840	43.948	0.000	0.000
../01_rigidbody/rigidbody_7.pdb	-	97	12.370	4.451	0.155	16.705	11.906	0.154	4.849	-	-	-	1230.370	1334.100	201.966	1011.530	0.000	0.000	0.000	10.830	2032.780	-1.090	5372.900	0.000	0.000	0.000	1273.350	44.075	0.000	0.000
../01_rigidbody/rigidbody_56.pdb	-	98	12.627	5.594	0.172	11.644	11.298	0.196	5.580	-	-	-	2290.470	1334.100	201.987	1308.320	0.000	0.000	0.000	3.782	2032.770	-1.608	5372.900	0.000	0.000	0.000	2352.110	63.243	0.000	0.000
../01_rigidbody/rigidbody_41.pdb	-	99	13.508	5.657	0.103	21.574	14.854	0.101	6.445	-	-	-	1281.790	1334.100	201.933	1099.930	0.000	0.000	0.000	9.696	2032.780	1.389	5372.900	0.000	0.000	0.000	1343.590	60.412	0.000	0.000
../01_rigidbody/rigidbody_95.pdb	-	100	17.392	6.666	0.103	13.648	12.982	0.144	6.969	-	-	-	1699.010	1334.100	201.941	1221.020	0.000	0.000	0.000	12.983	2032.770	-0.880	5372.900	0.000	0.000	0.000	1748.950	50.822	0.000	0.000
